run,muinit,sigmainit,tau0,phibeta,kpmax,kpmin,kL,k_near,k_far,t_end_days,nframes,peak_slip_m,dc,peak_over_dc,r_dc_km,lambda,lam_over_obs,perm_file
71808,0.37,30.0,11.1,1.000e-10,8.25e-15,3e-16,1e-3,8.250e-15,3.000e-16,30.660,1656,2.7734e-01,0.0001,2773.433,1.3900,0.1955,1.385,het_perm13.dat
632510,0.37,30.0,11.1,2.005e-10,5e-14,1e-15,1e-3,5.000e-14,1.000e-15,30.660,1402,2.0630e-01,0.0001,2063.005,1.0050,0.1399,0.991,perm_632510_ds5.txt
632512,0.37,30.0,11.1,2.005e-10,5e-14,1e-15,1e-3,5.000e-14,1.000e-15,30.660,1405,2.0630e-01,0.0001,2062.988,1.0050,0.1399,0.991,perm_632510_ds5.txt
632516,0.37,30.0,11.1,2.005e-10,5e-14,3e-15,1e-3,5.000e-14,3.000e-15,30.660,1366,2.0312e-01,0.0001,2031.169,0.9650,0.1343,0.952,perm_632515_ds5.txt
632515,0.37,30.0,11.1,6.015e-10,5e-14,3e-15,1e-3,5.000e-14,3.000e-15,30.660,906,1.1743e-01,0.0001,1174.257,0.5600,0.0697,0.494,perm_632515_ds5.txt
632524,0.37,30.0,11.1,2.005e-10,5e-14,1e-15,1e-3,5.000e-14,1.000e-15,8.000,795,1.1047e-01,0.0001,1104.722,0.4550,0.1400,0.992,perm_2zone_601_ds5_kmax5e-14.txt
921,0.37,30.0,11.1,2.250e-10,2.5e-13,1e-15,1e-3,2.500e-13,1.000e-15,30.660,553,8.5017e-02,0.0001,850.167,0.9400,0.0998,0.707,het_perm3.dat
910,0.37,30.0,11.1,2.250e-10,2.5e-13,1e-15,1e-3,2.500e-13,1.000e-15,30.660,553,8.5017e-02,0.0001,850.167,0.9400,0.0998,0.707,het_perm3.dat
632509,0.37,30.0,11.1,2.250e-10,2.5e-13,1e-15,1e-3,2.500e-13,1.000e-15,30.660,565,8.4989e-02,0.0001,849.885,0.9350,0.1367,0.968,perm_632509_ds5.txt
632511,0.37,30.0,11.1,2.250e-10,2.5e-13,1e-15,1e-3,2.500e-13,1.000e-15,30.660,566,8.4988e-02,0.0001,849.880,0.9350,0.1373,0.973,perm_632509_ds5.txt
909,0.37,30.0,11.1,2.250e-10,2.5e-13,1e-15,1e-3,2.500e-13,1.000e-15,30.660,609,8.4920e-02,0.0001,849.198,0.9400,0.1365,0.967,het_perm.dat
923,0.37,30.0,11.1,2.250e-10,2.5e-13,1e-15,1e-3,2.500e-13,1.000e-15,30.660,620,8.4919e-02,0.0001,849.191,0.9400,0.1364,0.967,het_perm.dat
632514,0.37,30.0,11.1,2.250e-10,2.5e-13,3e-15,1e-3,2.500e-13,3.000e-15,30.660,428,8.3340e-02,0.0001,833.399,0.9000,0.1311,0.928,perm_632513_ds5.txt
632513,0.37,30.0,11.1,6.750e-10,2.5e-13,3e-15,1e-3,2.500e-13,3.000e-15,30.660,311,4.8552e-02,0.0001,485.525,0.5200,0.0575,0.407,perm_632513_ds5.txt
632522,0.37,30.0,11.1,2.250e-10,2.5e-13,1e-15,1e-3,2.500e-13,1.000e-15,8.000,296,4.0054e-02,0.0001,400.540,0.4600,0.1367,0.968,perm_2zone_601_ds5_kmax2.5e-13.txt
924,0.37,30.0,11.1,2.250e-10,2.5e-13,1e-15,1e-3,2.500e-13,1.000e-15,30.660,263,2.7902e-02,0.0001,279.015,0.8900,0.0842,0.597,het_perm3.dat
925,0.37,30.0,11.1,2.250e-10,2.5e-13,1e-15,1e-3,2.500e-13,1.000e-15,30.660,286,2.7820e-02,0.0001,278.197,0.8900,0.1258,0.891,het_perm.dat
922,0.37,30.0,11.1,2.250e-10,2.5e-13,1e-15,1e-3,2.500e-13,1.000e-15,30.660,243,1.9434e-02,0.0001,194.339,0.8550,0.0769,0.545,het_perm3.dat
632497,0.45,30.0,13.5,2.250e-10,2.5e-13,1e-14,1e-3,2.500e-13,1.000e-14,17.200,134,1.7910e-02,0.0001,179.096,0.7020,0.0670,0.475,perm_twozone_601_ds9_2.5e-13_1e-14.txt
632508,0.5,30.0,15.0,1.000e-10,1.1e-12,4e-13,1e-3,1.100e-12,4.000e-13,17.200,233,1.6104e-02,0.0001,161.037,0.4600,0.0178,0.126,perm_taiyi_601_ds20.txt
632499,0.37,30.0,11.1,1.000e-10,2.5e-13,1e-14,1e-3,2.500e-13,1.000e-14,17.200,140,1.5870e-02,0.0001,158.704,0.6570,0.0626,0.443,perm_twozone_601_ds9_2.5e-13_1e-14.txt
632526,0.37,30.0,11.1,2.250e-10,1.1e-12,1e-15,1e-3,1.100e-12,1.000e-15,8.000,187,1.3250e-02,0.0001,132.496,0.4700,0.1353,0.958,perm_2zone_601_ds5_kmax1.1e-12.txt
632491,0.52,30.0,15.6,1.580e-09,2.5e-13,1e-14,1e-3,2.500e-13,1.000e-14,17.200,129,1.3174e-02,0.0001,131.743,0.4500,0.0090,0.063,perm_twozone_601_ds9_2.5e-13_1e-14.txt
632493,0.37,30.0,11.1,2.250e-10,2.5e-13,1e-14,1e-3,2.500e-13,1.000e-14,17.200,121,1.1240e-02,0.0001,112.401,0.4410,0.0290,0.205,perm_twozone_601_ds9_2.5e-13_1e-14.txt
632498,0.42,30.0,12.6,5.000e-10,2.5e-13,1e-14,1e-3,2.500e-13,1.000e-14,17.200,122,1.0913e-02,0.0001,109.126,0.3870,0.0056,0.040,perm_twozone_601_ds9_2.5e-13_1e-14.txt
632490,0.45,30.0,13.5,1.580e-09,2.5e-13,1e-14,1e-3,2.500e-13,1.000e-14,17.200,114,7.9901e-03,0.0001,79.901,0.2610,,,perm_twozone_601_ds9_2.5e-13_1e-14.txt
632752,0.46,27.99,12.875,5.000e-12,5e-12,4e-13,1e-4,1.100e-12,4.000e-13,8.000,92,1.9821e-03,0.0001,19.821,0.1400,0.0592,0.419,perm_taiyi_601_ds20.txt
632504,0.5,30.0,15.0,1.000e-10,1.1e-12,4e-13,1e-3,1.100e-12,4.000e-13,1.000,18,8.8277e-04,0.0001,8.828,0.0100,,,perm_taiyi_601_ds5.txt
632489,0.37,30.0,11.1,1.580e-09,2.5e-13,1e-14,1e-3,2.500e-13,1.000e-14,17.200,111,5.5538e-04,0.0001,5.554,0.0180,,,perm_twozone_601_ds9_2.5e-13_1e-14.txt
632494,0.37,30.0,11.1,1.580e-09,2.5e-13,1e-14,1e-4,2.500e-13,1.000e-14,17.200,110,4.5263e-04,0.0001,4.526,0.0150,,,perm_twozone_401_2e-13_1e-14.txt
632751,0.46,27.99,12.875,5.000e-12,2e-11,4e-13,1e-4,1.100e-12,4.000e-13,8.000,91,1.6089e-04,0.0001,1.609,0.0000,,,perm_taiyi_601_ds20.txt
632585,0.46,27.99,12.875,2.000e-11,2e-11,4e-13,1e-4,1.100e-12,4.000e-13,8.000,86,9.7382e-05,0.0001,0.974,0.0000,,,perm_taiyi_601_ds20.txt
632623,0.42,27.99,11.756,1.000e-11,2e-11,4e-13,1e-4,1.100e-12,4.000e-13,8.000,96,8.3493e-05,0.0001,0.835,0.0000,,,perm_taiyi_601_ds20.txt
632589,0.46,27.99,12.875,5.000e-11,2e-11,4e-13,1e-4,1.100e-12,4.000e-13,8.000,89,5.9306e-05,0.0001,0.593,0.0000,,,perm_taiyi_601_ds20.txt
632573,0.42,27.99,11.756,2.000e-11,2e-11,4e-13,1e-4,1.100e-12,4.000e-13,8.000,99,4.9908e-05,0.0001,0.499,0.0000,,,perm_taiyi_601_ds20.txt
51808,0.4,30.0,12.0,1.000e-10,1.746e-13,6.350e-14,1e-3,1.746e-13,6.350e-14,30.660,104,4.5449e-05,0.0001,0.454,0.0000,,,het_perm11.dat
632619,0.37,27.99,10.356,5.000e-12,2e-11,4e-13,1e-4,1.100e-12,4.000e-13,8.000,100,4.4883e-05,0.0001,0.449,0.0000,,,perm_taiyi_601_ds20.txt
632551,0.37,27.99,10.356,1.000e-10,1.1e-12,4e-13,1e-3,1.100e-12,4.000e-13,17.200,196,4.3795e-05,0.0001,0.438,0.0000,,,perm_taiyi_601_ds20.txt
632548,0.37,27.99,10.356,1.000e-10,5e-12,4e-13,1e-3,1.100e-12,4.000e-13,17.200,192,3.8744e-05,0.0001,0.387,0.0000,,,perm_taiyi_601_ds20.txt
632593,0.46,27.99,12.875,1.000e-10,2e-11,4e-13,1e-4,1.100e-12,4.000e-13,8.000,90,3.7078e-05,0.0001,0.371,0.0000,,,perm_taiyi_601_ds20.txt
61808,0.4,30.0,12.0,1.000e-10,1.746e-13,6.350e-14,1e-3,1.746e-13,6.350e-14,30.660,103,3.4398e-05,0.0001,0.344,0.0000,,,het_perm11.dat
632549,0.37,27.99,10.356,1.000e-10,2e-11,4e-13,1e-3,1.100e-12,4.000e-13,17.200,197,2.9373e-05,0.0001,0.294,0.0000,,,perm_taiyi_601_ds20.txt
632653,0.37,27.99,10.356,1.000e-11,2e-11,1e-13,1e-5,1.100e-12,1.000e-13,8.000,110,2.1116e-05,0.0001,0.211,0.0000,,,perm_taiyi_601_ds20_kf1e-13.txt
632577,0.42,27.99,11.756,5.000e-11,2e-11,4e-13,1e-4,1.100e-12,4.000e-13,8.000,95,2.0796e-05,0.0001,0.208,0.0000,,,perm_taiyi_601_ds20.txt
632657,0.37,27.99,10.356,1.000e-11,2e-11,5e-14,1e-5,1.100e-12,5.000e-14,6.431,91,1.9880e-05,0.0001,0.199,0.0000,,,perm_taiyi_601_ds20_kf5e-14.txt
632611,0.37,27.99,10.356,1.000e-11,2e-11,4e-13,1e-4,1.100e-12,4.000e-13,8.000,99,1.9115e-05,0.0001,0.191,0.0000,,,perm_taiyi_601_ds20.txt
632675,0.37,27.99,10.356,1.000e-11,2e-11,1e-13,1e-5,1.100e-12,1.000e-13,4.026,77,1.8201e-05,0.0001,0.182,0.0000,,,perm_taiyi_601_ds20_kf1e-13.txt
632550,0.37,27.99,10.356,1.000e-10,1e-10,4e-13,1e-3,1.100e-12,4.000e-13,17.200,192,1.5910e-05,0.0001,0.159,0.0000,,,perm_taiyi_601_ds20.txt
632587,0.46,27.99,12.875,2.000e-11,1e-10,4e-13,1e-4,1.100e-12,4.000e-13,8.000,87,1.5897e-05,0.0001,0.159,0.0000,,,perm_taiyi_601_ds20.txt
632656,0.37,27.99,10.356,1.000e-10,2e-11,5e-14,1e-5,1.100e-12,5.000e-14,8.000,106,1.4413e-05,0.0001,0.144,0.0000,,,perm_taiyi_601_ds20_kf5e-14.txt
632575,0.42,27.99,11.756,2.000e-11,1e-10,4e-13,1e-4,1.100e-12,4.000e-13,8.000,93,1.1855e-05,0.0001,0.119,0.0000,,,perm_taiyi_601_ds20.txt
632554,0.37,27.99,10.356,1.000e-10,2e-11,4e-13,1e-4,1.100e-12,4.000e-13,17.200,191,1.1782e-05,0.0001,0.118,0.0000,,,perm_taiyi_601_ds20.txt
632753,0.46,27.99,12.875,5.000e-12,2e-11,4e-13,1e-5,1.100e-12,4.000e-13,30.000,204,1.1678e-05,0.0001,0.117,0.0000,,,perm_taiyi_601_ds20.txt
632591,0.46,27.99,12.875,5.000e-11,1e-10,4e-13,1e-4,1.100e-12,4.000e-13,8.000,83,1.1671e-05,0.0001,0.117,0.0000,,,perm_taiyi_601_ds20.txt
632750,0.46,27.99,12.875,5.000e-12,2e-11,4e-13,1e-5,1.100e-12,4.000e-13,8.000,83,1.0731e-05,0.0001,0.107,0.0000,,,perm_taiyi_601_ds20.txt
632711,0.5,27.99,13.995,1.500e-11,2e-11,4e-13,1e-5,1.100e-12,4.000e-13,8.000,77,1.0722e-05,0.0001,0.107,0.0000,,,perm_taiyi_601_ds20.txt
632709,0.5,27.99,13.995,2.000e-11,2e-11,4e-13,1e-5,1.100e-12,4.000e-13,8.000,83,1.0153e-05,0.0001,0.102,0.0000,,,perm_taiyi_601_ds20.txt
632506,0.37,30.0,11.1,1.000e-10,1.1e-12,4e-13,1e-3,1.100e-12,4.000e-13,17.200,194,9.5511e-06,0.0001,0.096,0.0000,,,perm_taiyi_601_ds20.txt
632707,0.5,27.99,13.995,3.000e-11,2e-11,4e-13,1e-5,1.100e-12,4.000e-13,8.000,81,9.4845e-06,0.0001,0.095,0.0000,,,perm_taiyi_601_ds20.txt
632652,0.37,27.99,10.356,1.000e-10,2e-11,1e-13,1e-5,1.100e-12,1.000e-13,8.000,106,9.2924e-06,0.0001,0.093,0.0000,,,perm_taiyi_601_ds20_kf1e-13.txt
632581,0.42,27.99,11.756,1.000e-10,2e-11,4e-13,1e-4,1.100e-12,4.000e-13,8.000,93,9.2382e-06,0.0001,0.092,0.0000,,,perm_taiyi_601_ds20.txt
632705,0.46,27.99,12.875,1.500e-11,2e-11,4e-13,1e-5,1.100e-12,4.000e-13,8.000,84,8.8981e-06,0.0001,0.089,0.0000,,,perm_taiyi_601_ds20.txt
632674,0.42,27.99,11.756,1.000e-11,2e-11,4e-13,1e-5,1.100e-12,4.000e-13,8.000,133,8.6911e-06,0.0001,0.087,0.0000,,,perm_taiyi_601_ds20.txt
632595,0.46,27.99,12.875,1.000e-10,1e-10,4e-13,1e-4,1.100e-12,4.000e-13,8.000,87,8.6487e-06,0.0001,0.086,0.0000,,,perm_taiyi_601_ds20.txt
632552,0.37,30.0,11.1,1.000e-10,2e-11,4e-13,1e-3,1.100e-12,4.000e-13,17.200,195,8.5255e-06,0.0001,0.085,0.0000,,,perm_taiyi_601_ds20.txt
632584,0.46,27.99,12.875,2.000e-11,2e-11,4e-13,1e-5,1.100e-12,4.000e-13,8.000,82,8.2607e-06,0.0001,0.083,0.0000,,,perm_taiyi_601_ds20.txt
632703,0.46,27.99,12.875,2.000e-11,2e-11,4e-13,1e-5,1.100e-12,4.000e-13,8.000,82,8.2607e-06,0.0001,0.083,0.0000,,,perm_taiyi_601_ds20.txt
632701,0.46,27.99,12.875,3.000e-11,2e-11,4e-13,1e-5,1.100e-12,4.000e-13,8.000,81,7.3226e-06,0.0001,0.073,0.0000,,,perm_taiyi_601_ds20.txt
632618,0.37,27.99,10.356,5.000e-12,2e-11,4e-13,1e-5,1.100e-12,4.000e-13,8.000,99,6.9361e-06,0.0001,0.069,0.0000,,,perm_taiyi_601_ds20.txt
632572,0.42,27.99,11.756,2.000e-11,2e-11,4e-13,1e-5,1.100e-12,4.000e-13,8.000,91,6.6738e-06,0.0001,0.067,0.0000,,,perm_taiyi_601_ds20.txt
632579,0.42,27.99,11.756,5.000e-11,1e-10,4e-13,1e-4,1.100e-12,4.000e-13,8.000,97,6.5789e-06,0.0001,0.066,0.0000,,,perm_taiyi_601_ds20.txt
632561,0.37,27.99,10.356,2.000e-11,2e-11,4e-13,1e-4,1.100e-12,4.000e-13,8.000,96,6.5247e-06,0.0001,0.065,0.0000,,,perm_taiyi_601_ds20.txt
632588,0.46,27.99,12.875,5.000e-11,2e-11,4e-13,1e-5,1.100e-12,4.000e-13,8.000,82,6.3148e-06,0.0001,0.063,0.0000,,,perm_taiyi_601_ds20.txt
632592,0.46,27.99,12.875,1.000e-10,2e-11,4e-13,1e-5,1.100e-12,4.000e-13,8.000,83,4.8050e-06,0.0001,0.048,0.0000,,,perm_taiyi_601_ds20.txt
632601,0.37,27.99,10.356,1.000e-11,2e-11,4e-13,1e-5,1.100e-12,4.000e-13,8.000,95,4.1536e-06,0.0001,0.042,0.0000,,,perm_taiyi_601_ds20.txt
632610,0.37,27.99,10.356,1.000e-11,2e-11,4e-13,1e-5,1.100e-12,4.000e-13,8.000,95,4.1536e-06,0.0001,0.042,0.0000,,,perm_taiyi_601_ds20.txt
632576,0.42,27.99,11.756,5.000e-11,2e-11,4e-13,1e-5,1.100e-12,4.000e-13,8.000,88,4.0485e-06,0.0001,0.040,0.0000,,,perm_taiyi_601_ds20.txt
632583,0.42,27.99,11.756,1.000e-10,1e-10,4e-13,1e-4,1.100e-12,4.000e-13,8.000,90,3.7494e-06,0.0001,0.037,0.0000,,,perm_taiyi_601_ds20.txt
632673,0.37,27.99,10.356,1.000e-11,2e-11,4e-13,1e-5,1.100e-12,4.000e-13,6.332,113,3.7479e-06,0.0001,0.037,0.0000,,,perm_taiyi_601_ds20.txt
632563,0.37,27.99,10.356,2.000e-11,1e-10,4e-13,1e-4,1.100e-12,4.000e-13,8.000,95,2.9513e-06,0.0001,0.030,0.0000,,,perm_taiyi_601_ds20.txt
632555,0.37,27.99,10.356,1.000e-10,2e-11,4e-13,1e-5,1.100e-12,4.000e-13,17.200,190,2.8285e-06,0.0001,0.028,0.0000,,,perm_taiyi_601_ds20.txt
632660,0.37,27.99,10.356,1.000e-10,2e-11,2e-13,1e-5,1.100e-12,2.000e-13,8.000,101,2.5689e-06,0.0001,0.026,0.0000,,,perm_taiyi_601_ds20_kf2e-13.txt
632580,0.42,27.99,11.756,1.000e-10,2e-11,4e-13,1e-5,1.100e-12,4.000e-13,8.000,91,2.4419e-06,0.0001,0.024,0.0000,,,perm_taiyi_601_ds20.txt
41808,0.37,30.0,11.1,1.000e-10,1.746e-13,6.350e-14,1e-3,1.746e-13,6.350e-14,30.660,101,2.1049e-06,0.0001,0.021,0.0000,,,het_perm11.dat
632560,0.37,27.99,10.356,2.000e-11,2e-11,4e-13,1e-5,1.100e-12,4.000e-13,8.000,95,2.0657e-06,0.0001,0.021,0.0000,,,perm_taiyi_601_ds20.txt
632556,0.37,30.0,11.1,1.000e-10,2e-11,4e-13,1e-5,1.100e-12,4.000e-13,17.200,197,1.6938e-06,0.0001,0.017,0.0000,,,perm_taiyi_601_ds20.txt
632603,0.42,27.99,11.756,1.000e-11,1e-10,4e-13,1e-5,1.100e-12,4.000e-13,8.000,87,1.4917e-06,0.0001,0.015,0.0000,,,perm_taiyi_601_ds20.txt
632604,0.37,26.0,9.62,1.000e-11,1e-10,4e-13,1e-5,1.100e-12,4.000e-13,8.000,92,1.4459e-06,0.0001,0.014,0.0000,,,perm_taiyi_601_ds20.txt
632586,0.46,27.99,12.875,2.000e-11,1e-10,4e-13,1e-5,1.100e-12,4.000e-13,8.000,80,1.2446e-06,0.0001,0.012,0.0000,,,perm_taiyi_601_ds20.txt
632574,0.42,27.99,11.756,2.000e-11,1e-10,4e-13,1e-5,1.100e-12,4.000e-13,8.000,95,1.2258e-06,0.0001,0.012,0.0000,,,perm_taiyi_601_ds20.txt
632565,0.37,27.99,10.356,5.000e-11,2e-11,4e-13,1e-4,1.100e-12,4.000e-13,8.000,97,1.0809e-06,0.0001,0.011,0.0000,,,perm_taiyi_601_ds20.txt
632600,0.37,27.99,10.356,1.000e-11,1e-10,4e-13,1e-5,1.100e-12,4.000e-13,8.000,96,1.0560e-06,0.0001,0.011,0.0000,,,perm_taiyi_601_ds20.txt
632602,0.37,27.99,10.356,1.000e-11,1e-10,4e-13,1e-5,1.100e-12,4.000e-13,8.000,96,1.0560e-06,0.0001,0.011,0.0000,,,perm_taiyi_601_ds20.txt
632616,0.37,27.99,10.356,1.000e-11,1e-10,4e-13,1e-5,1.100e-12,4.000e-13,8.000,96,1.0560e-06,0.0001,0.011,0.0000,,,perm_taiyi_601_ds20.txt
632590,0.46,27.99,12.875,5.000e-11,1e-10,4e-13,1e-5,1.100e-12,4.000e-13,8.000,80,1.0526e-06,0.0001,0.011,0.0000,,,perm_taiyi_601_ds20.txt
632594,0.46,27.99,12.875,1.000e-10,1e-10,4e-13,1e-5,1.100e-12,4.000e-13,8.000,80,9.0484e-07,0.0001,0.009,0.0000,,,perm_taiyi_601_ds20.txt
632578,0.42,27.99,11.756,5.000e-11,1e-10,4e-13,1e-5,1.100e-12,4.000e-13,8.000,92,8.7142e-07,0.0001,0.009,0.0000,,,perm_taiyi_601_ds20.txt
632567,0.37,27.99,10.356,5.000e-11,1e-10,4e-13,1e-4,1.100e-12,4.000e-13,8.000,93,7.6879e-07,0.0001,0.008,0.0000,,,perm_taiyi_601_ds20.txt
632558,0.37,27.99,10.356,1.000e-10,1e-10,4e-13,1e-5,1.100e-12,4.000e-13,17.200,188,6.8775e-07,0.0001,0.007,0.0000,,,perm_taiyi_601_ds20.txt
632562,0.37,27.99,10.356,2.000e-11,1e-10,4e-13,1e-5,1.100e-12,4.000e-13,8.000,95,6.5870e-07,0.0001,0.007,0.0000,,,perm_taiyi_601_ds20.txt
632582,0.42,27.99,11.756,1.000e-10,1e-10,4e-13,1e-5,1.100e-12,4.000e-13,8.000,91,6.1917e-07,0.0001,0.006,0.0000,,,perm_taiyi_601_ds20.txt
632564,0.37,27.99,10.356,5.000e-11,2e-11,4e-13,1e-5,1.100e-12,4.000e-13,8.000,98,6.1510e-07,0.0001,0.006,0.0000,,,perm_taiyi_601_ds20.txt
632502,0.37,30.0,11.1,1.000e-10,1.1e-12,4e-13,1e-3,1.100e-12,4.000e-13,1.000,17,4.2376e-07,0.0001,0.004,0.0000,,,perm_taiyi_601_ds5.txt
632566,0.37,27.99,10.356,5.000e-11,1e-10,4e-13,1e-5,1.100e-12,4.000e-13,8.000,98,2.8145e-07,0.0001,0.003,0.0000,,,perm_taiyi_601_ds20.txt
632681,0.37,26.0,9.62,1.000e-10,2e-11,4e-13,1e-5,1.100e-12,4.000e-13,1.567,29,2.5845e-07,0.0001,0.003,0.0000,,,perm_taiyi_601_ds20.txt
632569,0.37,27.99,10.356,1.000e-10,2e-11,4e-13,1e-4,1.100e-12,4.000e-13,8.000,96,2.5562e-07,0.0001,0.003,0.0000,,,perm_taiyi_601_ds20.txt
632571,0.37,27.99,10.356,1.000e-10,1e-10,4e-13,1e-4,1.100e-12,4.000e-13,8.000,96,2.2680e-07,0.0001,0.002,0.0000,,,perm_taiyi_601_ds20.txt
632568,0.37,27.99,10.356,1.000e-10,2e-11,4e-13,1e-5,1.100e-12,4.000e-13,8.000,93,2.0574e-07,0.0001,0.002,0.0000,,,perm_taiyi_601_ds20.txt
632672,0.37,27.99,10.356,1.000e-10,2e-11,4e-13,1e-5,1.100e-12,4.000e-13,8.000,138,1.9072e-07,0.0001,0.002,0.0000,,,perm_taiyi_601_ds20.txt
632570,0.37,27.99,10.356,1.000e-10,1e-10,4e-13,1e-5,1.100e-12,4.000e-13,8.000,93,1.2793e-07,0.0001,0.001,0.0000,,,perm_taiyi_601_ds20.txt
632605,0.37,27.99,10.356,1.000e-11,1e-10,4e-13,1e-6,1.100e-12,4.000e-13,8.000,95,1.2147e-07,0.0001,0.001,0.0000,,,perm_taiyi_601_ds20.txt
632557,0.3,27.99,8.397,1.000e-10,2e-11,4e-13,1e-5,1.100e-12,4.000e-13,17.200,196,2.4783e-08,0.0001,0.000,0.0000,,,perm_taiyi_601_ds20.txt
